Variable,Coefficient,Std_Error,t_value,p_value,CI_2.5%,CI_97.5%,Std_Beta,Partial_R2,Elasticity_%(per_unit),q_value_BH,Sig(p),Sig(q)
gs_tmin_mean,0.03661228139849585,0.01631771421376751,2.243713851024888,0.025112495365404053,0.004583668021016729,0.06864089477597497,0.4449774802911965,0.00600005522326311,3.7290765937219916,0.07533748609621216,*,
prep_total,0.0009607804861988333,0.0010060037382037003,0.9550466362226281,0.339830847828551,-0.0010138162229431712,0.002935377195340838,0.03971459226636819,0.0010924671734678455,0.09612421836215912,0.07533748609621216,,
gs_vpd_mean,-0.0074116950981087636,0.009888564162737742,-0.749521869518493,0.45375408357892333,-0.0268210924118271,0.011997702215609574,-0.05399167853431503,0.0006731473263068881,-0.73842962184969,0.07533748609621216,,
