,model1,model2,model3,model4,model5
stat,50.7276336634579,25.526103915663974,12.395297264285539,85.22545791146982,7.399834980128502
df,3.0,3.0,3.0,3.0,3.0
pval,5.591371809998691e-11,1.1984504836415333e-05,0.006144728257361343,0.0,0.06018875167262161
