,model1,model2,model3,model4,model5
pct_|z|>2,0.057313432835820896,0.06567164179104477,0.06328358208955225,0.04785894206549118,0.05788876276958002
pct_|z|>3,0.017313432835820895,0.015522388059701492,0.013134328358208954,0.011335012594458438,0.0170261066969353
leverage_mean,0.05253731343283581,0.027462686567164163,0.02805970149253733,0.0591939546599496,0.05334846765039727
pct_high_leverage(>2p/n),0.0,0.0,0.0,0.027707808564231738,0.0
pct_high_cooks(>4/n),0.0662686567164179,0.06805970149253732,0.06686567164179104,0.05289672544080604,0.06469920544835414
acf1_median_by_county,0.6002712177080538,0.5417175182113797,0.6022487952182368,0.35437705120757557,0.6228755843278131
acf1_pct_pos,0.9534883720930233,0.8837209302325582,0.9069767441860465,0.813953488372093,0.9767441860465116
