Variable,Coefficient,Std_Error,t_value,p_value,CI_2.5%,CI_97.5%,Std_Beta,Partial_R2,Elasticity_%(per_unit),q_value_BH,Sig(p),Sig(q)
gs_tmin_mean,0.018903836000638167,0.012096537548710854,1.562747680856228,0.1182148896017634,-0.00481428070219719,0.04262195270347352,0.13791840407502587,0.00079383267127492,1.9083644746298312,0.011942736575226043,,*
prep_total,0.0007328192866412277,0.0008920502111681792,0.8215000427852244,0.41142520686317874,-0.0010162556803133133,0.0024818942535957686,0.01935870979272499,0.00021949062925854938,0.0733087864297044,0.011942736575226043,,*
gs_vpd_mean,-0.06616401015303362,0.022958881901938056,-2.8818480985107744,0.003980912191742014,-0.11118031652367884,-0.021147703782388408,-0.35209540766411307,0.0026944278169455673,-6.402265808473473,0.011942736575226043,**,*
