,model1,model2,model3,model4,model5
stat,34.144023972791594,48.30366771516057,59.20203414427221,139.2897715788677,8.539030742674036
df,3.0,3.0,3.0,3.0,3.0
pval,1.8472235141508975e-07,1.8350543307121825e-10,8.704148513061227e-13,0.0,0.03609110695203688
