,model1,model2,model3,model4,model5
pct_|z|>2,0.04575342465753424,0.046712328767123286,0.045342465753424654,0.04673129505344271,0.042722001830942935
pct_|z|>3,0.015616438356164384,0.01547945205479452,0.01547945205479452,0.01640566741237882,0.018614586512053707
leverage_mean,0.033424657534246574,0.02767123287671233,0.0278082191780822,0.05021128511061397,0.06194690265486726
pct_high_leverage(>2p/n),0.0,0.0,0.0,0.0019885657469550086,0.0
pct_high_cooks(>4/n),0.047397260273972605,0.04835616438356164,0.047397260273972605,0.052448421575938355,0.049130302105584375
acf1_median_by_county,0.3802671962187041,0.46415787223997157,0.40984503046310344,0.282375208172884,0.3478133685747288
acf1_pct_pos,0.9045226130653267,0.9095477386934674,0.9346733668341709,0.803030303030303,0.8090452261306532
