Variable,Coefficient,Std_Error,t_value,p_value,CI_2.5%,CI_97.5%,Std_Beta,Partial_R2,Elasticity_%(per_unit),q_value_BH,Sig(p),Sig(q)
gs_tmin_mean,0.03239662424019643,0.02932449043499651,1.1047634165036868,0.2692995688288078,-0.0250881246407973,0.08988137312119016,0.2173226089360045,0.00017194481434685099,3.2927107999958904,0.0,,***
prep_total,0.0031356634273796455,0.00170801901751645,1.8358480761760287,0.0664219413900291,-0.00021256335676656836,0.006483890211525859,0.07512884506666179,0.0004746707563528567,0.3140584762483689,0.0,,***
gs_vpd_mean,-0.07510661288374314,0.011655761081004128,-6.4437330485563455,1.2419776318495224e-10,-0.09795538156886768,-0.0522578441986186,-0.3621027755801679,0.005816567823369368,-7.2355417807577265,0.0,***,***
Yr,0.019319704984413363,0.002084849059641508,9.26671640571208,0.0,0.01523277890759261,0.02340663106123412,,0.01195511106839235,,0.0,***,***
